<?xml version="1.0" encoding="UTF-8" standalone="yes"?>
<addon id="repository.AnimeDazora" name="Repositorio Anime Dazora" version="0.1" provider-name="Anime Dazora">
    <extension point="xbmc.addon.repository" name="PrimePlay.py">
        <info compressed="false">https://github.com/arrezende/addon/blob/master/addon/addons.xml</info>
		<datadir zip="true">https://github.com/arrezende/addon/blob/master/addon/</datadir>
    </extension>
    <extension point="xbmc.addon.metadata">
        <summary>Anime Dazora</summary>
        <description>Repositorio</description>
        <platform>all</platform>
    </extension>
</addon>

